-- Host: localhost    Database: lumen_histoire
-- ------------------------------------------------------
use lumen_histoire;
/*!40101 SET @OLD_CHARACTER_SET_CLIENT=@@CHARACTER_SET_CLIENT */;
/*!40101 SET @OLD_CHARACTER_SET_RESULTS=@@CHARACTER_SET_RESULTS */;
/*!40101 SET @OLD_COLLATION_CONNECTION=@@COLLATION_CONNECTION */;
/*!50503 SET NAMES utf8 */;
/*!40103 SET @OLD_TIME_ZONE=@@TIME_ZONE */;
/*!40103 SET TIME_ZONE='+00:00' */;
/*!40014 SET @OLD_UNIQUE_CHECKS=@@UNIQUE_CHECKS, UNIQUE_CHECKS=0 */;
/*!40014 SET @OLD_FOREIGN_KEY_CHECKS=@@FOREIGN_KEY_CHECKS, FOREIGN_KEY_CHECKS=0 */;
/*!40101 SET @OLD_SQL_MODE=@@SQL_MODE, SQL_MODE='NO_AUTO_VALUE_ON_ZERO' */;
/*!40111 SET @OLD_SQL_NOTES=@@SQL_NOTES, SQL_NOTES=0 */;

--
-- Table structure for table `admins`
--

DROP TABLE IF EXISTS `admins`;
/*!40101 SET @saved_cs_client     = @@character_set_client */;
/*!50503 SET character_set_client = utf8mb4 */;
CREATE TABLE `admins` (
  `id` int unsigned NOT NULL AUTO_INCREMENT,
  `username` varchar(50) NOT NULL,
  `password` varchar(255) NOT NULL,
  `created_at` timestamp NULL DEFAULT CURRENT_TIMESTAMP,
  `updated_at` timestamp NULL DEFAULT CURRENT_TIMESTAMP ON UPDATE CURRENT_TIMESTAMP,
  PRIMARY KEY (`id`),
  UNIQUE KEY `username` (`username`)
) ENGINE=InnoDB AUTO_INCREMENT=2 DEFAULT CHARSET=utf8mb4 COLLATE=utf8mb4_0900_ai_ci;
/*!40101 SET character_set_client = @saved_cs_client */;

--
-- Dumping data for table `admins`
--

LOCK TABLES `admins` WRITE;
/*!40000 ALTER TABLE `admins` DISABLE KEYS */;
INSERT INTO `admins` VALUES (1,'admin','$2b$10$hiEuD/Abv6S0fAOPKmOnI.b0t0q.OheHAE.rFIzYfKWHj0/r1LGXW','2025-05-18 16:31:15','2025-05-18 16:31:15');
/*!40000 ALTER TABLE `admins` ENABLE KEYS */;
UNLOCK TABLES;

--
-- Table structure for table `appointments`
--

DROP TABLE IF EXISTS `appointments`;
/*!40101 SET @saved_cs_client     = @@character_set_client */;
/*!50503 SET character_set_client = utf8mb4 */;
CREATE TABLE `appointments` (
  `id` int unsigned NOT NULL AUTO_INCREMENT,
  `order_id` int unsigned NOT NULL,
  `availability_id` int unsigned DEFAULT NULL COMMENT 'Liên kết với doctor_availability slot',
  `session_number` int unsigned NOT NULL COMMENT 'Buổi thứ mấy (1, 2, 3...)',
  `scheduled_at` datetime NOT NULL COMMENT 'Thời gian hẹn',
  `status` enum('pending','confirmed','completed','cancelled','rescheduled') NOT NULL DEFAULT 'pending',
  `notes` text COMMENT 'Ghi chú trước buổi hẹn',
  `completion_notes` text COMMENT 'Ghi chú sau khi hoàn thành',
  `created_at` timestamp NULL DEFAULT CURRENT_TIMESTAMP,
  `updated_at` timestamp NULL DEFAULT CURRENT_TIMESTAMP ON UPDATE CURRENT_TIMESTAMP,
  PRIMARY KEY (`id`),
  UNIQUE KEY `uniq_order_session` (`order_id`,`session_number`),
  KEY `idx_order_schedule` (`order_id`,`scheduled_at`),
  KEY `idx_appointment_status` (`status`),
  KEY `idx_appointments_availability_id` (`availability_id`),
  CONSTRAINT `appointments_ibfk_1` FOREIGN KEY (`order_id`) REFERENCES `orders` (`id`) ON DELETE CASCADE,
  CONSTRAINT `appointments_ibfk_2` FOREIGN KEY (`availability_id`) REFERENCES `doctor_availability` (`id`) ON DELETE SET NULL ON UPDATE CASCADE
) ENGINE=InnoDB AUTO_INCREMENT=44 DEFAULT CHARSET=utf8mb4 COLLATE=utf8mb4_0900_ai_ci COMMENT='Bảng lịch hẹn/appointment từng buổi tư vấn';
/*!40101 SET character_set_client = @saved_cs_client */;
select * from appointments;
--
-- Dumping data for table `appointments`
--

LOCK TABLES `appointments` WRITE;
/*!40000 ALTER TABLE `appointments` DISABLE KEYS */;
INSERT INTO `appointments` VALUES (2,2,NULL,1,'2025-06-03 10:30:00','confirmed','Buổi đầu tiên',NULL,'2025-01-02 10:00:00','2025-06-03 17:28:28'),(5,2,NULL,2,'2025-06-04 09:00:00','confirmed','Buổi thứ 2',NULL,'2025-01-02 10:00:00','2025-06-03 17:28:28'),(14,4,5,1,'2025-06-01 07:00:00','cancelled',NULL,NULL,'2025-06-01 17:46:55','2025-06-01 17:47:38'),(15,4,6,2,'2025-06-01 08:00:00','completed',NULL,NULL,'2025-06-01 17:46:55','2025-06-01 18:03:42'),(16,4,7,3,'2025-06-02 07:00:00','completed',NULL,NULL,'2025-06-01 17:46:55','2025-06-01 18:21:49'),(17,4,8,4,'2025-06-02 11:00:00','pending',NULL,NULL,'2025-06-01 17:46:55','2025-06-01 17:46:55'),(18,4,9,5,'2025-06-02 14:00:00','pending',NULL,NULL,'2025-06-01 17:46:55','2025-06-01 17:46:55'),(19,4,12,6,'2025-06-02 15:00:00','pending',NULL,NULL,'2025-06-01 17:46:55','2025-06-01 17:46:55'),(21,5,NULL,1,'2025-06-17 10:00:00','pending',NULL,NULL,'2025-06-09 18:11:04','2025-06-09 18:11:04'),(22,5,NULL,2,'2025-06-24 10:00:00','pending',NULL,NULL,'2025-06-09 18:11:04','2025-06-09 18:11:04'),(23,5,NULL,3,'2025-07-01 10:00:00','pending',NULL,NULL,'2025-06-09 18:11:04','2025-06-09 18:11:04'),(24,5,NULL,4,'2025-07-08 10:00:00','pending',NULL,NULL,'2025-06-09 18:11:04','2025-06-09 18:11:04'),(25,5,NULL,5,'2025-07-15 10:00:00','pending',NULL,NULL,'2025-06-09 18:11:04','2025-06-09 18:11:04'),(27,8,15,1,'2025-06-09 13:00:00','confirmed',NULL,NULL,'2025-06-10 05:45:26','2025-06-10 05:47:03'),(28,9,88,1,'2025-05-21 08:00:00','completed',NULL,NULL,'2025-06-16 08:08:31','2025-06-16 08:09:28'),(29,9,97,2,'2025-05-25 10:00:00','completed',NULL,NULL,'2025-06-16 08:08:31','2025-06-16 08:09:32'),(30,9,50,3,'2025-05-26 14:00:00','completed',NULL,NULL,'2025-06-16 08:08:31','2025-06-16 08:10:12'),(31,9,61,4,'2025-05-27 15:00:00','completed',NULL,NULL,'2025-06-16 08:08:31','2025-06-16 08:10:13'),(32,9,68,5,'2025-05-28 14:00:00','completed',NULL,NULL,'2025-06-16 08:08:31','2025-06-16 08:10:14'),(33,10,102,1,'2025-06-16 08:00:00','cancelled',NULL,NULL,'2025-06-16 08:15:26','2025-06-17 05:00:02'),(34,10,109,2,'2025-06-17 11:00:00','cancelled',NULL,NULL,'2025-06-16 08:15:26','2025-06-17 05:00:04'),(35,10,114,3,'2025-06-18 14:00:00','cancelled',NULL,NULL,'2025-06-16 08:15:26','2025-06-17 05:00:00'),(36,11,152,1,'2025-06-17 15:00:00','completed',NULL,NULL,'2025-06-17 04:58:40','2025-06-17 05:00:38'),(37,12,111,1,'2025-06-17 17:00:00','completed',NULL,NULL,'2025-06-17 05:08:48','2025-06-17 05:41:00'),(38,12,113,2,'2025-06-18 11:00:00','completed',NULL,NULL,'2025-06-17 05:08:48','2025-06-17 05:41:05'),(39,12,169,3,'2025-06-20 08:00:00','completed',NULL,NULL,'2025-06-17 05:08:48','2025-06-26 13:25:22'),(40,13,377,1,'2025-06-18 09:00:00','completed',NULL,NULL,'2025-06-27 01:32:52','2025-06-27 01:57:20'),(41,13,390,2,'2025-06-20 15:00:00','completed',NULL,NULL,'2025-06-27 01:32:52','2025-06-27 01:57:22'),(42,13,399,3,'2025-06-21 14:00:00','completed',NULL,NULL,'2025-06-27 01:32:52','2025-06-27 01:57:23'),(43,13,338,4,'2025-06-16 09:00:00','completed',NULL,NULL,'2025-06-27 01:32:52','2025-06-27 01:57:26');
/*!40000 ALTER TABLE `appointments` ENABLE KEYS */;
UNLOCK TABLES;

--
-- Table structure for table `clients`
--

DROP TABLE IF EXISTS `clients`;
/*!40101 SET @saved_cs_client     = @@character_set_client */;
/*!50503 SET character_set_client = utf8mb4 */;
CREATE TABLE `clients` (
  `id` int unsigned NOT NULL AUTO_INCREMENT,
  `google_id` varchar(100) DEFAULT NULL,
  `email` varchar(100) NOT NULL,
  `phone` varchar(20) DEFAULT NULL COMMENT 'Số điện thoại',
  `birth_date` date DEFAULT NULL COMMENT 'Ngày sinh',
  `gender` enum('male','female','other') DEFAULT NULL COMMENT 'Giới tính',
  `password` varchar(255) DEFAULT NULL,
  `full_name` varchar(100) DEFAULT NULL,
  `avatar_url` varchar(255) DEFAULT NULL,
  `created_at` timestamp NULL DEFAULT CURRENT_TIMESTAMP,
  `updated_at` timestamp NULL DEFAULT CURRENT_TIMESTAMP ON UPDATE CURRENT_TIMESTAMP,
  `status` enum('active','inactive') NOT NULL DEFAULT 'active',
  PRIMARY KEY (`id`),
  UNIQUE KEY `email` (`email`),
  UNIQUE KEY `google_id` (`google_id`),
  KEY `idx_client_status` (`status`),
  KEY `idx_client_phone` (`phone`),
  KEY `idx_client_birth_date` (`birth_date`)
) ENGINE=InnoDB AUTO_INCREMENT=8 DEFAULT CHARSET=utf8mb4 COLLATE=utf8mb4_0900_ai_ci;
/*!40101 SET character_set_client = @saved_cs_client */;

--
-- Dumping data for table `clients`
--

LOCK TABLES `clients` WRITE;
/*!40000 ALTER TABLE `clients` DISABLE KEYS */;
INSERT INTO `clients` VALUES (2,'12321323423','anhvien123@gmail.com','0123456789','1998-04-03','female',NULL,'Nguyễn Thị Ánh Viên','https://firebasestorage.googleapis.com/v0/b/zalo-app-66612.appspot.com/o/1750048211916images%20(4).png?alt=media&token=8fdd5d2f-18df-4611-ab6a-0696898c1ecb','2025-05-18 13:58:02','2025-06-16 04:30:14','active'),(3,NULL,'kito@gmail.com','0908519007','2025-06-13','male','$2b$10$Tv7WpU.TeEBxbV2GCFFDnO4V13ZErQYuKVMdmscmwOWiYbJVZbupW','Kito','https://firebasestorage.googleapis.com/v0/b/zalo-app-66612.appspot.com/o/1750048015859images%20(5).png?alt=media&token=2f340a75-d830-4284-a54b-e02ba93c276c','2025-05-25 21:41:50','2025-06-26 16:26:39','active'),(4,'google_4','client4@example.com','0987654321','2004-06-09','female',NULL,'Phạm Thị Dung','https://firebasestorage.googleapis.com/v0/b/zalo-app-66612.appspot.com/o/175004729487492.png?alt=media&token=e794d172-955f-48ae-81cc-852fd5223137','2025-06-03 17:28:28','2025-06-16 04:15:25','active'),(5,'google_5','client5@example.com','0906405255','2000-07-21','male',NULL,'Luka Doncic','https://firebasestorage.googleapis.com/v0/b/zalo-app-66612.appspot.com/o/1750047854083images%20(6).png?alt=media&token=edacabae-f5a0-4a94-a6a9-7930518d06b5','2025-06-03 17:28:28','2025-06-16 04:24:17','active'),(6,NULL,'user@gmail.com','0938423592','2000-05-10','female','$2b$10$iQcoJGnnk4TSPISQ189mIeGunD2KU/pMXCi/EUyyl9aebPdrioiDS','Nguyễn Hồng Nhung','https://firebasestorage.googleapis.com/v0/b/zalo-app-66612.appspot.com/o/1750048334545images.png?alt=media&token=18287bb3-8555-4c54-85aa-6a6e8d6b9952','2025-06-10 05:44:48','2025-06-16 04:35:47','active'),(7,NULL,'quynh@gmail.com',NULL,'2010-08-20','female','$2b$10$IvLWEwGKS8BfBO/oeQaUR.kv2m2Vq99BMFxd5zrWT3Q5zXYKzvBee','Thảo Quỳnh','https://firebasestorage.googleapis.com/v0/b/zalo-app-66612.appspot.com/o/1750061023521images.png?alt=media&token=79e5d221-a5cf-49e5-912b-97e29e9d06ed','2025-06-16 08:02:20','2025-06-26 13:43:22','active');
/*!40000 ALTER TABLE `clients` ENABLE KEYS */;
UNLOCK TABLES;

--
-- Table structure for table `departments`
--

DROP TABLE IF EXISTS `departments`;
/*!40101 SET @saved_cs_client     = @@character_set_client */;
/*!50503 SET character_set_client = utf8mb4 */;
CREATE TABLE `departments` (
  `id` int unsigned NOT NULL AUTO_INCREMENT,
  `name` varchar(100) NOT NULL,
  `description` text,
  `created_at` timestamp NULL DEFAULT CURRENT_TIMESTAMP,
  `updated_at` timestamp NULL DEFAULT CURRENT_TIMESTAMP ON UPDATE CURRENT_TIMESTAMP,
  PRIMARY KEY (`id`)
) ENGINE=InnoDB AUTO_INCREMENT=4 DEFAULT CHARSET=utf8mb4 COLLATE=utf8mb4_0900_ai_ci;
/*!40101 SET character_set_client = @saved_cs_client */;

--
-- Dumping data for table `departments`
--

LOCK TABLES `departments` WRITE;
/*!40000 ALTER TABLE `departments` DISABLE KEYS */;
INSERT INTO `departments` VALUES (1,'Tâm lý lâm sàng','Khoa tâm lý lâm sàng','2025-06-03 17:28:28','2025-06-03 17:28:28'),(2,'Tư vấn tâm lý','Khoa tư vấn tâm lý','2025-06-03 17:28:28','2025-06-03 17:28:28'),(3,'Trị liệu tâm lý','Khoa trị liệu tâm lý','2025-06-03 17:28:28','2025-06-03 17:28:28');
/*!40000 ALTER TABLE `departments` ENABLE KEYS */;
UNLOCK TABLES;

--
-- Table structure for table `doctor_availability`
--

DROP TABLE IF EXISTS `doctor_availability`;
/*!40101 SET @saved_cs_client     = @@character_set_client */;
/*!50503 SET character_set_client = utf8mb4 */;
CREATE TABLE `doctor_availability` (
  `id` int unsigned NOT NULL AUTO_INCREMENT,
  `doctor_id` int unsigned NOT NULL,
  `available_date` date NOT NULL,
  `start_time` time NOT NULL,
  `end_time` time NOT NULL,
  `status` enum('available','unavailable','booked') NOT NULL DEFAULT 'available',
  `is_active` tinyint(1) NOT NULL DEFAULT '1',
  PRIMARY KEY (`id`),
  UNIQUE KEY `uniq_doctor_time` (`doctor_id`,`available_date`,`start_time`,`end_time`),
  CONSTRAINT `doctor_availability_ibfk_1` FOREIGN KEY (`doctor_id`) REFERENCES `doctors` (`id`) ON DELETE CASCADE
) ENGINE=InnoDB AUTO_INCREMENT=508 DEFAULT CHARSET=utf8mb4 COLLATE=utf8mb4_0900_ai_ci;
/*!40101 SET character_set_client = @saved_cs_client */;
select * from doctor_availability;
-- Dumping data for table `doctor_availability`
--

LOCK TABLES `doctor_availability` WRITE;
/*!40000 ALTER TABLE `doctor_availability` DISABLE KEYS */;
INSERT INTO `doctor_availability` VALUES (1,1,'2025-05-26','06:25:00','08:25:00','available',1),(2,1,'2025-05-29','08:25:00','10:30:00','booked',1),(3,2,'2025-06-01','22:42:00','23:31:00','available',1),(4,2,'2025-05-26','07:00:00','08:00:00','available',1),(5,2,'2025-06-02','07:00:00','08:00:00','booked',1),(6,2,'2025-06-02','08:00:00','09:00:00','booked',1),(7,2,'2025-06-03','07:00:00','08:00:00','booked',1),(8,2,'2025-06-03','11:00:00','12:00:00','booked',1),(9,2,'2025-06-03','14:00:00','15:00:00','booked',1),(10,2,'2025-06-03','17:00:00','18:00:00','available',1),(11,2,'2025-06-03','18:00:00','19:00:00','available',1),(12,2,'2025-06-03','15:00:00','16:00:00','booked',1),(13,3,'2025-06-10','08:00:00','09:00:00','available',1),(14,3,'2025-06-10','11:00:00','12:00:00','booked',1),(15,3,'2025-06-10','13:00:00','14:00:00','booked',1),(16,3,'2025-06-10','17:00:00','18:00:00','available',1),(17,3,'2025-06-10','14:00:00','15:00:00','available',1),(18,1,'2025-06-16','13:00:00','14:00:00','available',1),(19,1,'2025-06-16','12:00:00','13:00:00','available',1),(20,1,'2025-06-16','14:00:00','15:00:00','available',1),(21,1,'2025-06-16','15:00:00','16:00:00','available',1),(22,1,'2025-06-16','17:00:00','18:00:00','available',1),(23,1,'2025-05-19','09:00:00','10:00:00','available',1),(24,1,'2025-05-19','08:00:00','09:00:00','available',1),(25,1,'2025-05-19','10:00:00','11:00:00','available',1),(26,1,'2025-05-19','20:00:00','21:00:00','available',1),(27,1,'2025-05-21','08:00:00','09:00:00','available',1),(28,1,'2025-05-19','14:00:00','15:00:00','available',1),(29,1,'2025-05-21','09:00:00','10:00:00','available',1),(30,1,'2025-05-19','15:00:00','16:00:00','available',1),(31,1,'2025-05-21','10:00:00','11:00:00','available',1),(32,1,'2025-05-21','14:00:00','15:00:00','available',1),(33,1,'2025-05-19','16:00:00','17:00:00','available',1),(34,1,'2025-05-21','15:00:00','16:00:00','available',1),(35,1,'2025-05-21','16:00:00','17:00:00','available',1),(36,1,'2025-05-21','20:00:00','21:00:00','available',1),(37,1,'2025-05-23','08:00:00','09:00:00','available',1),(38,1,'2025-05-23','09:00:00','10:00:00','available',1),(39,1,'2025-05-23','10:00:00','11:00:00','available',1),(40,1,'2025-05-23','14:00:00','15:00:00','available',1),(41,1,'2025-05-23','15:00:00','16:00:00','available',1),(42,1,'2025-05-23','16:00:00','17:00:00','available',1),(43,1,'2025-05-23','20:00:00','21:00:00','available',1),(44,2,'2025-05-26','16:00:00','17:00:00','available',1),(45,2,'2025-05-19','08:00:00','09:00:00','available',1),(46,2,'2025-05-26','20:00:00','21:00:00','available',1),(47,2,'2025-05-27','09:00:00','10:00:00','available',1),(48,2,'2025-05-27','08:00:00','09:00:00','available',1),(49,2,'2025-05-27','10:00:00','11:00:00','available',1),(50,2,'2025-05-27','14:00:00','15:00:00','booked',1),(51,2,'2025-05-19','09:00:00','10:00:00','available',1),(52,2,'2025-05-19','10:00:00','11:00:00','available',1),(53,2,'2025-05-27','15:00:00','16:00:00','available',1),(54,2,'2025-05-27','16:00:00','17:00:00','available',1),(55,2,'2025-05-27','20:00:00','21:00:00','available',1),(56,2,'2025-05-28','08:00:00','09:00:00','available',1),(57,2,'2025-05-28','09:00:00','10:00:00','available',1),(58,2,'2025-05-19','14:00:00','15:00:00','available',1),(59,2,'2025-05-28','10:00:00','11:00:00','available',1),(60,2,'2025-05-28','14:00:00','15:00:00','available',1),(61,2,'2025-05-28','15:00:00','16:00:00','booked',1),(62,2,'2025-05-28','16:00:00','17:00:00','available',1),(63,2,'2025-05-28','20:00:00','21:00:00','available',1),(64,2,'2025-05-29','08:00:00','09:00:00','available',1),(65,2,'2025-05-19','15:00:00','16:00:00','available',1),(66,2,'2025-05-29','09:00:00','10:00:00','available',1),(67,2,'2025-05-29','10:00:00','11:00:00','available',1),(68,2,'2025-05-29','14:00:00','15:00:00','booked',1),(69,2,'2025-05-19','20:00:00','21:00:00','available',1),(70,2,'2025-05-29','15:00:00','16:00:00','available',1),(71,2,'2025-05-29','16:00:00','17:00:00','available',1),(72,2,'2025-05-29','20:00:00','21:00:00','available',1),(73,2,'2025-05-19','16:00:00','17:00:00','available',1),(74,2,'2025-05-20','08:00:00','09:00:00','available',1),(75,2,'2025-05-20','09:00:00','10:00:00','available',1),(76,2,'2025-05-20','10:00:00','11:00:00','available',1),(77,2,'2025-05-20','14:00:00','15:00:00','available',1),(78,2,'2025-05-20','15:00:00','16:00:00','available',1),(79,2,'2025-05-20','16:00:00','17:00:00','available',1),(80,2,'2025-05-20','20:00:00','21:00:00','available',1),(81,2,'2025-05-21','08:00:00','09:00:00','available',1),(82,2,'2025-05-21','09:00:00','10:00:00','available',1),(83,2,'2025-05-21','10:00:00','11:00:00','available',1),(84,2,'2025-05-21','14:00:00','15:00:00','available',1),(85,2,'2025-05-21','15:00:00','16:00:00','available',1),(86,2,'2025-05-21','16:00:00','17:00:00','available',1),(87,2,'2025-05-21','20:00:00','21:00:00','available',1),(88,2,'2025-05-22','08:00:00','09:00:00','booked',1),(89,2,'2025-05-22','09:00:00','10:00:00','available',1),(90,2,'2025-05-22','10:00:00','11:00:00','available',1),(91,2,'2025-05-22','14:00:00','15:00:00','available',1),(92,2,'2025-05-22','15:00:00','16:00:00','available',1),(93,2,'2025-05-22','16:00:00','17:00:00','available',1),(94,2,'2025-05-22','20:00:00','21:00:00','available',1),(95,2,'2025-05-26','08:00:00','09:00:00','available',1),(96,2,'2025-05-26','09:00:00','10:00:00','available',1),(97,2,'2025-05-26','10:00:00','11:00:00','booked',1),(98,2,'2025-05-26','14:00:00','15:00:00','available',1),(99,2,'2025-05-26','15:00:00','16:00:00','available',1),(100,4,'2025-06-16','11:00:00','12:00:00','available',1),(101,4,'2025-06-16','08:00:00','09:00:00','available',1),(102,4,'2025-06-17','08:00:00','09:00:00','booked',1),(103,4,'2025-06-16','17:00:00','18:00:00','available',1),(104,4,'2025-06-17','11:00:00','12:00:00','available',1),(105,4,'2025-06-16','14:00:00','15:00:00','available',1),(106,4,'2025-06-17','14:00:00','15:00:00','available',1),(107,4,'2025-06-17','17:00:00','18:00:00','available',1),(108,4,'2025-06-18','08:00:00','09:00:00','available',1),(109,4,'2025-06-18','11:00:00','12:00:00','booked',1),(110,4,'2025-06-18','14:00:00','15:00:00','available',1),(111,4,'2025-06-18','17:00:00','18:00:00','booked',1),(112,4,'2025-06-19','08:00:00','09:00:00','available',1),(113,4,'2025-06-19','11:00:00','12:00:00','booked',1),(114,4,'2025-06-19','14:00:00','15:00:00','booked',1),(115,4,'2025-06-19','17:00:00','18:00:00','available',1),(116,1,'2025-06-17','10:00:00','11:00:00','available',1),(117,1,'2025-06-17','07:00:00','08:00:00','available',1),(118,1,'2025-06-17','08:00:00','09:00:00','available',1),(119,1,'2025-06-17','09:00:00','10:00:00','available',1),(120,1,'2025-06-17','16:00:00','17:00:00','available',1),(121,1,'2025-06-19','07:00:00','08:00:00','available',1),(122,1,'2025-06-19','08:00:00','09:00:00','available',1),(123,1,'2025-06-17','14:00:00','15:00:00','available',1),(124,1,'2025-06-17','15:00:00','16:00:00','available',1),(125,1,'2025-06-19','09:00:00','10:00:00','available',1),(126,1,'2025-06-19','10:00:00','11:00:00','available',1),(127,1,'2025-06-19','14:00:00','15:00:00','available',1),(128,1,'2025-06-19','15:00:00','16:00:00','available',1),(129,1,'2025-06-19','16:00:00','17:00:00','available',1),(130,1,'2025-06-21','07:00:00','08:00:00','available',1),(131,1,'2025-06-21','09:00:00','10:00:00','available',1),(132,1,'2025-06-21','08:00:00','09:00:00','available',1),(133,1,'2025-06-21','10:00:00','11:00:00','available',1),(134,1,'2025-06-21','14:00:00','15:00:00','available',1),(135,1,'2025-06-21','15:00:00','16:00:00','available',1),(136,1,'2025-06-21','16:00:00','17:00:00','available',1),(137,4,'2025-06-16','07:00:00','08:00:00','available',1),(139,4,'2025-06-16','09:00:00','10:00:00','available',1),(140,4,'2025-06-16','10:00:00','11:00:00','available',1),(142,4,'2025-06-16','15:00:00','16:00:00','available',1),(143,4,'2025-06-16','16:00:00','17:00:00','available',1),(145,4,'2025-06-16','20:00:00','21:00:00','available',1),(146,4,'2025-06-16','19:00:00','20:00:00','available',1),(147,4,'2025-06-18','07:00:00','08:00:00','available',1),(149,4,'2025-06-18','09:00:00','10:00:00','available',1),(150,4,'2025-06-18','10:00:00','11:00:00','available',1),(152,4,'2025-06-18','15:00:00','16:00:00','booked',1),(153,4,'2025-06-18','16:00:00','17:00:00','available',1),(155,4,'2025-06-18','20:00:00','21:00:00','available',1),(156,4,'2025-06-18','19:00:00','20:00:00','available',1),(157,4,'2025-06-20','07:00:00','08:00:00','available',1),(158,4,'2025-06-20','08:00:00','09:00:00','available',1),(159,4,'2025-06-20','09:00:00','10:00:00','available',1),(160,4,'2025-06-20','10:00:00','11:00:00','available',1),(161,4,'2025-06-20','14:00:00','15:00:00','available',1),(162,4,'2025-06-20','16:00:00','17:00:00','available',1),(163,4,'2025-06-20','15:00:00','16:00:00','available',1),(164,4,'2025-06-20','17:00:00','18:00:00','available',1),(165,4,'2025-06-20','19:00:00','20:00:00','available',1),(166,4,'2025-06-20','20:00:00','21:00:00','available',1),(168,4,'2025-06-21','09:00:00','10:00:00','available',1),(169,4,'2025-06-21','08:00:00','09:00:00','booked',1),(170,4,'2025-06-21','10:00:00','11:00:00','available',1),(171,4,'2025-06-21','14:00:00','15:00:00','available',1),(172,4,'2025-06-21','15:00:00','16:00:00','available',1),(173,4,'2025-06-21','16:00:00','17:00:00','available',1),(174,4,'2025-06-21','17:00:00','18:00:00','available',1),(175,4,'2025-06-21','19:00:00','20:00:00','available',1),(176,4,'2025-06-21','20:00:00','21:00:00','available',1),(217,4,'2025-06-23','07:00:00','08:00:00','available',1),(218,4,'2025-06-23','11:00:00','12:00:00','available',1),(219,4,'2025-06-23','15:00:00','16:00:00','available',1),(220,4,'2025-06-23','16:00:00','17:00:00','available',1),(221,4,'2025-06-23','20:00:00','21:00:00','available',1),(222,4,'2025-06-24','07:00:00','08:00:00','available',1),(223,4,'2025-06-24','11:00:00','12:00:00','available',1),(224,4,'2025-06-24','17:00:00','18:00:00','available',1),(225,4,'2025-06-24','21:00:00','22:00:00','available',1),(226,4,'2025-06-26','13:00:00','14:00:00','available',1),(227,4,'2025-06-26','14:00:00','15:00:00','available',1),(228,4,'2025-06-26','15:00:00','16:00:00','available',1),(229,4,'2025-06-26','16:00:00','17:00:00','available',1),(230,5,'2025-06-23','10:00:00','11:00:00','available',1),(231,5,'2025-06-16','07:00:00','08:00:00','available',1),(232,5,'2025-06-23','11:00:00','12:00:00','available',1),(233,5,'2025-06-23','14:00:00','15:00:00','available',1),(234,5,'2025-06-23','16:00:00','17:00:00','available',1),(235,5,'2025-06-23','18:00:00','19:00:00','available',1),(236,5,'2025-06-23','21:00:00','22:00:00','available',1),(237,5,'2025-06-24','07:00:00','08:00:00','available',1),(238,5,'2025-06-24','08:00:00','09:00:00','available',1),(239,5,'2025-06-16','08:00:00','09:00:00','available',1),(240,5,'2025-06-24','09:00:00','10:00:00','available',1),(241,5,'2025-06-24','10:00:00','11:00:00','available',1),(242,5,'2025-06-24','11:00:00','12:00:00','available',1),(243,5,'2025-06-24','14:00:00','15:00:00','available',1),(244,5,'2025-06-24','16:00:00','17:00:00','available',1),(245,5,'2025-06-16','09:00:00','10:00:00','available',1),(246,5,'2025-06-24','18:00:00','19:00:00','available',1),(247,5,'2025-06-24','21:00:00','22:00:00','available',1),(248,5,'2025-06-25','08:00:00','09:00:00','available',1),(249,5,'2025-06-25','07:00:00','08:00:00','available',1),(250,5,'2025-06-25','09:00:00','10:00:00','available',1),(251,5,'2025-06-25','10:00:00','11:00:00','available',1),(252,5,'2025-06-16','10:00:00','11:00:00','available',1),(253,5,'2025-06-16','11:00:00','12:00:00','available',1),(254,5,'2025-06-16','14:00:00','15:00:00','available',1),(255,5,'2025-06-25','11:00:00','12:00:00','available',1),(256,5,'2025-06-25','14:00:00','15:00:00','available',1),(257,5,'2025-06-25','16:00:00','17:00:00','available',1),(258,5,'2025-06-25','18:00:00','19:00:00','available',1),(259,5,'2025-06-25','21:00:00','22:00:00','available',1),(260,5,'2025-06-26','07:00:00','08:00:00','available',1),(261,5,'2025-06-26','08:00:00','09:00:00','available',1),(262,5,'2025-06-26','09:00:00','10:00:00','available',1),(263,5,'2025-06-16','16:00:00','17:00:00','available',1),(264,5,'2025-06-26','10:00:00','11:00:00','available',1),(265,5,'2025-06-26','11:00:00','12:00:00','available',1),(266,5,'2025-06-26','14:00:00','15:00:00','available',1),(267,5,'2025-06-26','16:00:00','17:00:00','available',1),(268,5,'2025-06-26','18:00:00','19:00:00','available',1),(269,5,'2025-06-26','21:00:00','22:00:00','available',1),(270,5,'2025-06-27','07:00:00','08:00:00','available',1),(271,5,'2025-06-27','08:00:00','09:00:00','available',1),(272,5,'2025-06-27','09:00:00','10:00:00','available',1),(273,5,'2025-06-27','10:00:00','11:00:00','available',1),(274,5,'2025-06-27','11:00:00','12:00:00','available',1),(275,5,'2025-06-27','14:00:00','15:00:00','available',1),(276,5,'2025-06-27','16:00:00','17:00:00','available',1),(277,5,'2025-06-16','18:00:00','19:00:00','available',1),(278,5,'2025-06-27','18:00:00','19:00:00','available',1),(279,5,'2025-06-27','21:00:00','22:00:00','available',1),(280,5,'2025-06-16','21:00:00','22:00:00','available',1),(281,5,'2025-06-17','07:00:00','08:00:00','available',1),(282,5,'2025-06-17','08:00:00','09:00:00','available',1),(283,5,'2025-06-17','09:00:00','10:00:00','available',1),(284,5,'2025-06-17','10:00:00','11:00:00','available',1),(285,5,'2025-06-17','14:00:00','15:00:00','available',1),(286,5,'2025-06-17','11:00:00','12:00:00','available',1),(287,5,'2025-06-17','16:00:00','17:00:00','available',1),(288,5,'2025-06-17','18:00:00','19:00:00','available',1),(289,5,'2025-06-17','21:00:00','22:00:00','available',1),(290,5,'2025-06-18','07:00:00','08:00:00','available',1),(291,5,'2025-06-18','08:00:00','09:00:00','available',1),(292,5,'2025-06-18','09:00:00','10:00:00','available',1),(293,5,'2025-06-18','10:00:00','11:00:00','available',1),(294,5,'2025-06-18','11:00:00','12:00:00','available',1),(295,5,'2025-06-18','14:00:00','15:00:00','available',1),(296,5,'2025-06-18','16:00:00','17:00:00','available',1),(297,5,'2025-06-18','18:00:00','19:00:00','available',1),(298,5,'2025-06-18','21:00:00','22:00:00','available',1),(299,5,'2025-06-19','07:00:00','08:00:00','available',1),(300,5,'2025-06-19','08:00:00','09:00:00','available',1),(301,5,'2025-06-19','09:00:00','10:00:00','available',1),(302,5,'2025-06-19','10:00:00','11:00:00','available',1),(303,5,'2025-06-19','11:00:00','12:00:00','available',1),(304,5,'2025-06-19','14:00:00','15:00:00','available',1),(305,5,'2025-06-19','16:00:00','17:00:00','available',1),(306,5,'2025-06-19','18:00:00','19:00:00','available',1),(307,5,'2025-06-19','21:00:00','22:00:00','available',1),(308,5,'2025-06-20','07:00:00','08:00:00','available',1),(309,5,'2025-06-20','08:00:00','09:00:00','available',1),(310,5,'2025-06-20','09:00:00','10:00:00','available',1),(311,5,'2025-06-20','10:00:00','11:00:00','available',1),(312,5,'2025-06-20','11:00:00','12:00:00','available',1),(313,5,'2025-06-20','14:00:00','15:00:00','available',1),(314,5,'2025-06-20','16:00:00','17:00:00','available',1),(315,5,'2025-06-20','18:00:00','19:00:00','available',1),(316,5,'2025-06-20','21:00:00','22:00:00','available',1),(317,5,'2025-06-23','08:00:00','09:00:00','available',1),(318,5,'2025-06-23','07:00:00','08:00:00','available',1),(319,5,'2025-06-23','09:00:00','10:00:00','available',1),(320,3,'2025-06-17','07:00:00','08:00:00','available',1),(321,3,'2025-06-22','15:00:00','16:00:00','available',1),(322,3,'2025-06-22','16:00:00','17:00:00','available',1),(323,3,'2025-06-22','20:00:00','21:00:00','available',1),(324,3,'2025-06-22','21:00:00','22:00:00','available',1),(325,3,'2025-06-22','17:00:00','18:00:00','available',1),(326,3,'2025-06-24','07:00:00','08:00:00','available',1),(327,3,'2025-06-24','08:00:00','09:00:00','available',1),(328,3,'2025-06-17','08:00:00','09:00:00','available',1),(329,3,'2025-06-24','09:00:00','10:00:00','available',1),(330,3,'2025-06-24','10:00:00','11:00:00','available',1),(331,3,'2025-06-24','14:00:00','15:00:00','available',1),(332,3,'2025-06-24','15:00:00','16:00:00','available',1),(333,3,'2025-06-24','16:00:00','17:00:00','available',1),(334,3,'2025-06-24','17:00:00','18:00:00','available',1),(335,3,'2025-06-24','20:00:00','21:00:00','available',1),(336,3,'2025-06-26','07:00:00','08:00:00','available',1),(337,3,'2025-06-24','21:00:00','22:00:00','available',1),(338,3,'2025-06-17','09:00:00','10:00:00','booked',1),(339,3,'2025-06-26','08:00:00','09:00:00','available',1),(340,3,'2025-06-26','10:00:00','11:00:00','available',1),(341,3,'2025-06-26','09:00:00','10:00:00','available',1),(342,3,'2025-06-26','14:00:00','15:00:00','available',1),(343,3,'2025-06-26','15:00:00','16:00:00','available',1),(344,3,'2025-06-26','16:00:00','17:00:00','available',1),(345,3,'2025-06-17','10:00:00','11:00:00','available',1),(346,3,'2025-06-26','17:00:00','18:00:00','available',1),(347,3,'2025-06-26','21:00:00','22:00:00','available',1),(348,3,'2025-06-26','20:00:00','21:00:00','available',1),(349,3,'2025-06-28','07:00:00','08:00:00','available',1),(350,3,'2025-06-28','08:00:00','09:00:00','available',1),(351,3,'2025-06-17','14:00:00','15:00:00','available',1),(352,3,'2025-06-28','09:00:00','10:00:00','available',1),(353,3,'2025-06-17','15:00:00','16:00:00','available',1),(354,3,'2025-06-28','10:00:00','11:00:00','available',1),(355,3,'2025-06-28','14:00:00','15:00:00','available',1),(356,3,'2025-06-28','15:00:00','16:00:00','available',1),(357,3,'2025-06-28','16:00:00','17:00:00','available',1),(358,3,'2025-06-28','17:00:00','18:00:00','available',1),(359,3,'2025-06-28','20:00:00','21:00:00','available',1),(360,3,'2025-06-28','21:00:00','22:00:00','available',1),(361,3,'2025-06-29','07:00:00','08:00:00','available',1),(362,3,'2025-06-29','08:00:00','09:00:00','available',1),(363,3,'2025-06-29','09:00:00','10:00:00','available',1),(364,3,'2025-06-17','16:00:00','17:00:00','available',1),(365,3,'2025-06-29','10:00:00','11:00:00','available',1),(366,3,'2025-06-29','14:00:00','15:00:00','available',1),(367,3,'2025-06-29','15:00:00','16:00:00','available',1),(368,3,'2025-06-29','16:00:00','17:00:00','available',1),(369,3,'2025-06-29','17:00:00','18:00:00','available',1),(370,3,'2025-06-29','20:00:00','21:00:00','available',1),(371,3,'2025-06-29','21:00:00','22:00:00','available',1),(372,3,'2025-06-17','17:00:00','18:00:00','available',1),(373,3,'2025-06-17','20:00:00','21:00:00','available',1),(374,3,'2025-06-17','21:00:00','22:00:00','available',1),(375,3,'2025-06-19','07:00:00','08:00:00','available',1),(376,3,'2025-06-19','08:00:00','09:00:00','available',1),(377,3,'2025-06-19','09:00:00','10:00:00','booked',1),(378,3,'2025-06-19','10:00:00','11:00:00','available',1),(379,3,'2025-06-19','14:00:00','15:00:00','available',1),(380,3,'2025-06-19','15:00:00','16:00:00','available',1),(381,3,'2025-06-19','21:00:00','22:00:00','available',1),(382,3,'2025-06-19','16:00:00','17:00:00','available',1),(383,3,'2025-06-19','17:00:00','18:00:00','available',1),(384,3,'2025-06-19','20:00:00','21:00:00','available',1),(385,3,'2025-06-21','07:00:00','08:00:00','available',1),(386,3,'2025-06-21','08:00:00','09:00:00','available',1),(387,3,'2025-06-21','09:00:00','10:00:00','available',1),(388,3,'2025-06-21','10:00:00','11:00:00','available',1),(389,3,'2025-06-21','14:00:00','15:00:00','available',1),(390,3,'2025-06-21','15:00:00','16:00:00','booked',1),(391,3,'2025-06-21','16:00:00','17:00:00','available',1),(392,3,'2025-06-21','17:00:00','18:00:00','available',1),(393,3,'2025-06-21','20:00:00','21:00:00','available',1),(394,3,'2025-06-21','21:00:00','22:00:00','available',1),(395,3,'2025-06-22','07:00:00','08:00:00','available',1),(396,3,'2025-06-22','08:00:00','09:00:00','available',1),(397,3,'2025-06-22','09:00:00','10:00:00','available',1),(398,3,'2025-06-22','10:00:00','11:00:00','available',1),(399,3,'2025-06-22','14:00:00','15:00:00','booked',1),(400,2,'2025-06-16','08:00:00','09:00:00','available',1),(401,2,'2025-06-20','18:00:00','19:00:00','available',1),(402,2,'2025-06-21','08:00:00','09:00:00','available',1),(403,2,'2025-06-21','09:00:00','10:00:00','available',1),(404,2,'2025-06-21','10:00:00','11:00:00','available',1),(405,2,'2025-06-21','11:00:00','12:00:00','available',1),(406,2,'2025-06-21','15:00:00','16:00:00','available',1),(407,2,'2025-06-21','16:00:00','17:00:00','available',1),(408,2,'2025-06-16','09:00:00','10:00:00','available',1),(409,2,'2025-06-21','18:00:00','19:00:00','available',1),(410,2,'2025-06-21','17:00:00','18:00:00','available',1),(411,2,'2025-06-23','08:00:00','09:00:00','available',1),(412,2,'2025-06-23','09:00:00','10:00:00','available',1),(413,2,'2025-06-23','10:00:00','11:00:00','available',1),(414,2,'2025-06-23','11:00:00','12:00:00','available',1),(415,2,'2025-06-16','10:00:00','11:00:00','available',1),(416,2,'2025-06-23','15:00:00','16:00:00','available',1),(417,2,'2025-06-23','16:00:00','17:00:00','available',1),(418,2,'2025-06-23','17:00:00','18:00:00','available',1),(419,2,'2025-06-23','18:00:00','19:00:00','available',1),(420,2,'2025-06-24','08:00:00','09:00:00','available',1),(421,2,'2025-06-16','11:00:00','12:00:00','available',1),(422,2,'2025-06-24','09:00:00','10:00:00','available',1),(423,2,'2025-06-24','10:00:00','11:00:00','available',1),(424,2,'2025-06-24','11:00:00','12:00:00','available',1),(425,2,'2025-06-24','15:00:00','16:00:00','available',1),(426,2,'2025-06-24','16:00:00','17:00:00','available',1),(427,2,'2025-06-24','17:00:00','18:00:00','available',1),(428,2,'2025-06-16','15:00:00','16:00:00','available',1),(429,2,'2025-06-24','18:00:00','19:00:00','available',1),(430,2,'2025-06-25','08:00:00','09:00:00','available',1),(431,2,'2025-06-16','16:00:00','17:00:00','available',1),(432,2,'2025-06-25','09:00:00','10:00:00','available',1),(433,2,'2025-06-25','10:00:00','11:00:00','available',1),(434,2,'2025-06-25','11:00:00','12:00:00','available',1),(435,2,'2025-06-25','15:00:00','16:00:00','available',1),(436,2,'2025-06-25','16:00:00','17:00:00','available',1),(437,2,'2025-06-25','17:00:00','18:00:00','available',1),(438,2,'2025-06-25','18:00:00','19:00:00','available',1),(439,2,'2025-06-26','08:00:00','09:00:00','available',1),(440,2,'2025-06-16','17:00:00','18:00:00','available',1),(441,2,'2025-06-26','09:00:00','10:00:00','available',1),(442,2,'2025-06-26','10:00:00','11:00:00','available',1),(443,2,'2025-06-26','11:00:00','12:00:00','available',1),(444,2,'2025-06-26','15:00:00','16:00:00','available',1),(445,2,'2025-06-26','16:00:00','17:00:00','available',1),(446,2,'2025-06-26','17:00:00','18:00:00','available',1),(447,2,'2025-06-26','18:00:00','19:00:00','available',1),(448,2,'2025-06-27','08:00:00','09:00:00','available',1),(449,2,'2025-06-16','18:00:00','19:00:00','available',1),(450,2,'2025-06-27','09:00:00','10:00:00','available',1),(451,2,'2025-06-27','10:00:00','11:00:00','available',1),(452,2,'2025-06-27','11:00:00','12:00:00','available',1),(453,2,'2025-06-27','15:00:00','16:00:00','available',1),(454,2,'2025-06-27','16:00:00','17:00:00','available',1),(455,2,'2025-06-27','17:00:00','18:00:00','available',1),(456,2,'2025-06-27','18:00:00','19:00:00','available',1),(457,2,'2025-06-28','08:00:00','09:00:00','available',1),(458,2,'2025-06-28','09:00:00','10:00:00','available',1),(459,2,'2025-06-17','08:00:00','09:00:00','available',1),(460,2,'2025-06-28','10:00:00','11:00:00','available',1),(461,2,'2025-06-28','11:00:00','12:00:00','available',1),(462,2,'2025-06-28','15:00:00','16:00:00','available',1),(463,2,'2025-06-28','16:00:00','17:00:00','available',1),(464,2,'2025-06-28','17:00:00','18:00:00','available',1),(465,2,'2025-06-28','18:00:00','19:00:00','available',1),(466,2,'2025-06-17','09:00:00','10:00:00','available',1),(467,2,'2025-06-17','10:00:00','11:00:00','available',1),(468,2,'2025-06-17','11:00:00','12:00:00','available',1),(469,2,'2025-06-17','15:00:00','16:00:00','available',1),(470,2,'2025-06-17','16:00:00','17:00:00','available',1),(471,2,'2025-06-17','18:00:00','19:00:00','available',1),(472,2,'2025-06-17','17:00:00','18:00:00','available',1),(473,2,'2025-06-18','08:00:00','09:00:00','available',1),(474,2,'2025-06-18','09:00:00','10:00:00','available',1),(475,2,'2025-06-18','10:00:00','11:00:00','available',1),(476,2,'2025-06-18','11:00:00','12:00:00','available',1),(477,2,'2025-06-18','15:00:00','16:00:00','available',1),(478,2,'2025-06-18','16:00:00','17:00:00','available',1),(479,2,'2025-06-18','17:00:00','18:00:00','available',1),(480,2,'2025-06-18','18:00:00','19:00:00','available',1),(481,2,'2025-06-19','08:00:00','09:00:00','available',1),(482,2,'2025-06-19','09:00:00','10:00:00','available',1),(483,2,'2025-06-19','10:00:00','11:00:00','available',1),(484,2,'2025-06-19','11:00:00','12:00:00','available',1),(485,2,'2025-06-19','15:00:00','16:00:00','available',1),(486,2,'2025-06-19','16:00:00','17:00:00','available',1),(487,2,'2025-06-19','17:00:00','18:00:00','available',1),(488,2,'2025-06-19','18:00:00','19:00:00','available',1),(489,2,'2025-06-20','11:00:00','12:00:00','available',1),(490,2,'2025-06-20','15:00:00','16:00:00','available',1),(491,2,'2025-06-20','08:00:00','09:00:00','available',1),(492,2,'2025-06-20','09:00:00','10:00:00','available',1),(493,2,'2025-06-20','10:00:00','11:00:00','available',1),(494,2,'2025-06-20','17:00:00','18:00:00','available',1),(495,2,'2025-06-20','16:00:00','17:00:00','available',1),(497,4,'2025-06-17','10:00:00','11:00:00','available',1),(498,4,'2025-06-17','15:00:00','16:00:00','available',1),(501,4,'2025-06-19','10:00:00','11:00:00','available',1),(502,4,'2025-06-19','15:00:00','16:00:00','available',1),(504,4,'2025-06-20','11:00:00','12:00:00','available',1);
/*!40000 ALTER TABLE `doctor_availability` ENABLE KEYS */;
UNLOCK TABLES;

--
-- Table structure for table `doctor_experiences`
--

DROP TABLE IF EXISTS `doctor_experiences`;
/*!40101 SET @saved_cs_client     = @@character_set_client */;
/*!50503 SET character_set_client = utf8mb4 */;
CREATE TABLE `doctor_experiences` (
  `id` int unsigned NOT NULL AUTO_INCREMENT,
  `doctor_id` int unsigned NOT NULL,
  `position` varchar(150) NOT NULL COMMENT 'Vị trí công việc',
  `start_date` date NOT NULL COMMENT 'Ngày bắt đầu',
  `end_date` date DEFAULT NULL COMMENT 'Ngày kết thúc (NULL nếu đang làm)',
  `workplace` varchar(200) NOT NULL COMMENT 'Đơn vị công tác',
  `description` text COMMENT 'Mô tả công việc',
  `created_at` timestamp NULL DEFAULT CURRENT_TIMESTAMP,
  `updated_at` timestamp NULL DEFAULT CURRENT_TIMESTAMP ON UPDATE CURRENT_TIMESTAMP,
  PRIMARY KEY (`id`),
  KEY `idx_doctor_experiences` (`doctor_id`),
  CONSTRAINT `doctor_experiences_ibfk_1` FOREIGN KEY (`doctor_id`) REFERENCES `doctors` (`id`) ON DELETE CASCADE
) ENGINE=InnoDB AUTO_INCREMENT=16 DEFAULT CHARSET=utf8mb4 COLLATE=utf8mb4_0900_ai_ci;
/*!40101 SET character_set_client = @saved_cs_client */;

--
-- Dumping data for table `doctor_experiences`
--

LOCK TABLES `doctor_experiences` WRITE;
/*!40000 ALTER TABLE `doctor_experiences` DISABLE KEYS */;
INSERT INTO `doctor_experiences` VALUES (11,4,'Giảng viên','2020-06-16',NULL,'Đại học RMIT',NULL,'2025-06-16 06:05:57','2025-06-16 06:05:57'),(13,5,'Nghiên cứu sinh','2023-11-18','2025-02-26','Đại học London, Anh Quốc',NULL,'2025-06-16 07:14:44','2025-06-16 07:14:44'),(15,2,'Chuyên gia','2025-06-02','2025-06-16','test','test','2025-06-26 12:10:32','2025-06-26 12:10:32');
/*!40000 ALTER TABLE `doctor_experiences` ENABLE KEYS */;
UNLOCK TABLES;

--
-- Table structure for table `doctor_qualifications`
--

DROP TABLE IF EXISTS `doctor_qualifications`;
/*!40101 SET @saved_cs_client     = @@character_set_client */;
/*!50503 SET character_set_client = utf8mb4 */;
CREATE TABLE `doctor_qualifications` (
  `id` int unsigned NOT NULL AUTO_INCREMENT,
  `doctor_id` int unsigned NOT NULL,
  `degree` varchar(100) NOT NULL COMMENT 'Học vị (Cử nhân, Thạc sĩ, Tiến sĩ, ...)',
  `major` varchar(150) NOT NULL COMMENT 'Chuyên ngành',
  `completion_year` year NOT NULL COMMENT 'Năm hoàn thành',
  `institution` varchar(200) NOT NULL COMMENT 'Đơn vị đào tạo',
  `created_at` timestamp NULL DEFAULT CURRENT_TIMESTAMP,
  `updated_at` timestamp NULL DEFAULT CURRENT_TIMESTAMP ON UPDATE CURRENT_TIMESTAMP,
  PRIMARY KEY (`id`),
  KEY `idx_doctor_qualifications` (`doctor_id`),
  CONSTRAINT `doctor_qualifications_ibfk_1` FOREIGN KEY (`doctor_id`) REFERENCES `doctors` (`id`) ON DELETE CASCADE
) ENGINE=InnoDB AUTO_INCREMENT=24 DEFAULT CHARSET=utf8mb4 COLLATE=utf8mb4_0900_ai_ci;
/*!40101 SET character_set_client = @saved_cs_client */;

--
-- Dumping data for table `doctor_qualifications`
--

LOCK TABLES `doctor_qualifications` WRITE;
/*!40000 ALTER TABLE `doctor_qualifications` DISABLE KEYS */;
INSERT INTO `doctor_qualifications` VALUES (17,4,'Thạc sĩ','Tâm lý học',2020,'Đại học Newcastle, Australia ','2025-06-16 06:05:57','2025-06-16 06:05:57'),(19,5,'Thạc sĩ','Tâm lý',2023,'Đại học London, Anh Quốc','2025-06-16 07:14:44','2025-06-16 07:14:44'),(22,2,'test','test',2025,'test1','2025-06-26 12:10:31','2025-06-26 12:10:31'),(23,2,'test','test',2025,'test','2025-06-26 12:10:31','2025-06-26 12:10:31');
/*!40000 ALTER TABLE `doctor_qualifications` ENABLE KEYS */;
UNLOCK TABLES;

--
-- Table structure for table `doctor_reviews`
--

DROP TABLE IF EXISTS `doctor_reviews`;
/*!40101 SET @saved_cs_client     = @@character_set_client */;
/*!50503 SET character_set_client = utf8mb4 */;
CREATE TABLE `doctor_reviews` (
  `id` int unsigned NOT NULL AUTO_INCREMENT,
  `doctor_id` int unsigned NOT NULL,
  `client_id` int unsigned NOT NULL,
  `appointment_id` int unsigned DEFAULT NULL COMMENT 'Có thể null nếu review trực tiếp doctor',
  `rating` tinyint unsigned NOT NULL,
  `comment` text,
  `created_at` timestamp NULL DEFAULT CURRENT_TIMESTAMP,
  `updated_at` timestamp NULL DEFAULT CURRENT_TIMESTAMP ON UPDATE CURRENT_TIMESTAMP,
  PRIMARY KEY (`id`),
  KEY `appointment_id` (`appointment_id`),
  KEY `idx_doctor_reviews` (`doctor_id`),
  KEY `idx_client_reviews` (`client_id`),
  CONSTRAINT `doctor_reviews_ibfk_1` FOREIGN KEY (`doctor_id`) REFERENCES `doctors` (`id`) ON DELETE CASCADE,
  CONSTRAINT `doctor_reviews_ibfk_2` FOREIGN KEY (`client_id`) REFERENCES `clients` (`id`) ON DELETE CASCADE,
  CONSTRAINT `doctor_reviews_ibfk_3` FOREIGN KEY (`appointment_id`) REFERENCES `appointments` (`id`) ON DELETE SET NULL,
  CONSTRAINT `doctor_reviews_chk_1` CHECK ((`rating` between 1 and 5))
) ENGINE=InnoDB DEFAULT CHARSET=utf8mb4 COLLATE=utf8mb4_0900_ai_ci;
/*!40101 SET character_set_client = @saved_cs_client */;

--
-- Dumping data for table `doctor_reviews`
--

LOCK TABLES `doctor_reviews` WRITE;
/*!40000 ALTER TABLE `doctor_reviews` DISABLE KEYS */;
/*!40000 ALTER TABLE `doctor_reviews` ENABLE KEYS */;
UNLOCK TABLES;

--
-- Table structure for table `doctors`
--

DROP TABLE IF EXISTS `doctors`;
/*!40101 SET @saved_cs_client     = @@character_set_client */;
/*!50503 SET character_set_client = utf8mb4 */;
CREATE TABLE `doctors` (
  `id` int unsigned NOT NULL AUTO_INCREMENT,
  `full_name` varchar(100) NOT NULL COMMENT 'Họ và tên',
  `email` varchar(100) NOT NULL COMMENT 'Email',
  `phone` varchar(20) DEFAULT NULL COMMENT 'Số điện thoại',
  `specialty` varchar(100) DEFAULT NULL COMMENT 'Chuyên khoa',
  `bio` text COMMENT 'Tiểu sử và kinh nghiệm',
  `profile_picture` varchar(255) DEFAULT NULL COMMENT 'Ảnh đại diện',
  `created_at` timestamp NULL DEFAULT CURRENT_TIMESTAMP,
  `updated_at` timestamp NULL DEFAULT CURRENT_TIMESTAMP ON UPDATE CURRENT_TIMESTAMP,
  `status` enum('active','inactive') NOT NULL DEFAULT 'active' COMMENT 'Trạng thái hoạt động',
  `department_id` int unsigned DEFAULT NULL COMMENT 'ID phòng ban/chuyên khoa',
  `address` varchar(255) DEFAULT NULL COMMENT 'Địa chỉ',
  PRIMARY KEY (`id`),
  UNIQUE KEY `email` (`email`),
  UNIQUE KEY `email_2` (`email`),
  KEY `idx_doctor_status` (`status`),
  KEY `idx_doctor_department` (`department_id`),
  CONSTRAINT `doctors_ibfk_1` FOREIGN KEY (`department_id`) REFERENCES `departments` (`id`) ON DELETE SET NULL
) ENGINE=InnoDB AUTO_INCREMENT=6 DEFAULT CHARSET=utf8mb4 COLLATE=utf8mb4_0900_ai_ci;
/*!40101 SET character_set_client = @saved_cs_client */;

--
-- Dumping data for table `doctors`
--

LOCK TABLES `doctors` WRITE;
/*!40000 ALTER TABLE `doctors` DISABLE KEYS */;
INSERT INTO `doctors` VALUES (1,'Dr. Luke Nguyen','chuyengia@gmail.com','0943824833','ssdfds','Học viên cao học, Chuyên ngành Tham vấn Sức khoẻ tâm thần, Trường Đại học Boston (Boston College, MA, USA). Cử nhân Tâm lý học, chuyên ngành Tâm lý lâm sàng. Thế mạnh đánh giá tâm lý, tham vấn – trị liệu lo âu, trầm cảm, stress sau sang chấn, Xây dựng những cơ chế ứng phó với các áp lực trong cuộc sống, trong/do các mối quan hệ, trong học tập…','https://firebasestorage.googleapis.com/v0/b/zalo-app-66612.appspot.com/o/175005268555514.png?alt=media&token=441b7ffe-505d-4569-843d-4244d0a11b37','2025-05-18 15:02:40','2025-06-27 01:15:44','active',NULL,'7/1 Thanh Thai'),(2,'ThS. Nguyễn Anh Tuấn','chuyengia2@gmail.com','0337163992',NULL,NULL,'https://firebasestorage.googleapis.com/v0/b/zalo-app-66612.appspot.com/o/175005274915824.png?alt=media&token=7dade356-8e5b-4083-8dca-2c82180df21a','2025-06-01 13:08:50','2025-06-26 12:10:31','active',NULL,'Xã Iaka, Chư Păh, Gia Lai'),(3,'TS. Lê Thị Hương','dr.huong@gmail.com','0901234569','Trị liệu tâm lý',NULL,'https://firebasestorage.googleapis.com/v0/b/zalo-app-66612.appspot.com/o/1750052985185images%20(2).png?alt=media&token=079df74c-c9f4-4f61-bb74-205946b8962a','2025-06-03 17:28:28','2025-06-16 05:53:31','active',3,'7/1 Thanh Thai'),(4,'Th.S Lê Trần Hoàng Duy','phan.minhhien@lumenhistoire.vn',NULL,NULL,'Thạc sĩ Khoa học Tâm lý học, Đại học Newcastle, Australia (2020). Giảng viên ĐH RMIT. Có thế mạnh tham vấn, trị liệu trong các vấn đề liên quan đến Rối nhiễu tâm lý như Lo âu và khó khăn trong các mối quan hệ…','https://firebasestorage.googleapis.com/v0/b/zalo-app-66612.appspot.com/o/1750053953732boy.png?alt=media&token=2448aca6-c9c2-4ae2-9eed-1a7c13b71b9f','2025-06-16 06:04:43','2025-06-16 06:05:57','active',NULL,NULL),(5,'TH.S Trần Phương Anh','panhtr@lumenhistoire.vn','0952375293',NULL,'Nghiên cứu sinh, Thạc sĩ tâm lý tại London, Anh Quốc. Có thế mạnh trị liệu cá nhân và nhóm sử dụng các phương pháp trị liệu dựa trên bằng chứng (CBT, DBT, ACT, Trauma – Focused Therapy). Có kinh nghiệm làm việc với nhiều đối tượng khác nhau: trẻ em, người lớn, và người lớn tuổi.','https://firebasestorage.googleapis.com/v0/b/zalo-app-66612.appspot.com/o/1750058077933images%20(3).png?alt=media&token=643dee7f-3a2e-4169-8332-6be104131e1a','2025-06-16 07:13:33','2025-06-16 07:14:44','active',NULL,'HCM');
/*!40000 ALTER TABLE `doctors` ENABLE KEYS */;
UNLOCK TABLES;

--
-- Table structure for table `orders`
--

DROP TABLE IF EXISTS `orders`;
/*!40101 SET @saved_cs_client     = @@character_set_client */;
/*!50503 SET character_set_client = utf8mb4 */;
CREATE TABLE `orders` (
  `id` int unsigned NOT NULL AUTO_INCREMENT,
  `client_id` int unsigned NOT NULL,
  `doctor_id` int unsigned NOT NULL,
  `service_id` int unsigned NOT NULL,
  `number_of_sessions` int unsigned NOT NULL,
  `availability_ids` json DEFAULT NULL COMMENT 'Danh sách ID của availability slots được chọn',
  `completed_sessions` int unsigned NOT NULL DEFAULT '0' COMMENT 'Số buổi đã hoàn thành',
  `status` enum('pending','confirmed','in_progress','completed','cancelled') NOT NULL DEFAULT 'pending',
  `notes` text,
  `amount` decimal(10,2) NOT NULL,
  `payment_method` enum('card','paypal','cash') DEFAULT NULL,
  `payment_status` enum('pending','paid','failed','refunded') NOT NULL DEFAULT 'pending',
  `paid_at` datetime DEFAULT NULL,
  `started_at` datetime DEFAULT NULL COMMENT 'Ngày bắt đầu điều trị',
  `completed_at` datetime DEFAULT NULL COMMENT 'Ngày hoàn thành điều trị',
  `created_at` timestamp NULL DEFAULT CURRENT_TIMESTAMP,
  `updated_at` timestamp NULL DEFAULT CURRENT_TIMESTAMP ON UPDATE CURRENT_TIMESTAMP,
  PRIMARY KEY (`id`),
  KEY `service_id` (`service_id`),
  KEY `idx_client_order` (`client_id`),
  KEY `idx_doctor_order` (`doctor_id`),
  KEY `idx_order_status` (`status`),
  KEY `idx_order_payment_status` (`payment_status`),
  CONSTRAINT `orders_ibfk_1` FOREIGN KEY (`client_id`) REFERENCES `clients` (`id`) ON DELETE CASCADE,
  CONSTRAINT `orders_ibfk_2` FOREIGN KEY (`doctor_id`) REFERENCES `doctors` (`id`) ON DELETE CASCADE,
  CONSTRAINT `orders_ibfk_3` FOREIGN KEY (`service_id`) REFERENCES `services` (`id`) ON DELETE RESTRICT
) ENGINE=InnoDB AUTO_INCREMENT=14 DEFAULT CHARSET=utf8mb4 COLLATE=utf8mb4_0900_ai_ci COMMENT='Bảng đơn hàng/order tư vấn';
/*!40101 SET character_set_client = @saved_cs_client */;

--
-- Dumping data for table `orders`
--

LOCK TABLES `orders` WRITE;
/*!40000 ALTER TABLE `orders` DISABLE KEYS */;
INSERT INTO `orders` VALUES (2,2,2,2,8,NULL,0,'confirmed',NULL,6000000.00,'card','paid','2025-01-02 11:00:00',NULL,NULL,'2025-01-02 10:00:00','2025-06-03 17:28:28'),(3,3,3,3,6,NULL,6,'completed',NULL,4800000.00,'paypal','paid','2024-12-15 14:00:00',NULL,NULL,'2024-12-15 13:00:00','2025-06-03 17:28:28'),(4,3,2,14,6,'[5, 6, 7, 8, 9, 12]',2,'completed',NULL,1393938.00,'cash','pending',NULL,NULL,NULL,'2025-06-01 17:46:55','2025-06-03 17:29:54'),(5,5,2,1,5,NULL,0,'confirmed',NULL,2500000.00,'card','pending',NULL,NULL,NULL,'2025-01-04 08:00:00','2025-06-09 18:11:04'),(8,6,3,8,1,'[15]',0,'confirmed',NULL,234334.00,'cash','pending',NULL,NULL,NULL,'2025-06-10 05:45:27','2025-06-10 05:46:52'),(9,7,2,4,5,'[88, 97, 50, 61, 68]',5,'completed',NULL,1500000.00,'cash','pending',NULL,NULL,NULL,'2025-06-16 08:08:31','2025-06-16 08:10:16'),(10,7,4,8,3,'[102, 109, 114]',0,'cancelled',NULL,900000.00,'cash','pending',NULL,NULL,NULL,'2025-06-16 08:15:27','2025-06-17 05:00:31'),(11,7,4,15,1,'[152]',1,'completed',NULL,400000.00,'cash','pending',NULL,NULL,NULL,'2025-06-17 04:58:41','2025-06-17 05:00:40'),(12,7,4,8,3,'[111, 113, 169]',3,'completed',NULL,900000.00,'cash','pending',NULL,NULL,NULL,'2025-06-17 05:08:49','2025-06-26 13:25:22'),(13,6,3,2,4,'[377, 390, 399, 338]',4,'completed',NULL,12000000.00,'cash','pending',NULL,NULL,NULL,'2025-06-27 01:32:52','2025-06-27 01:57:27');
/*!40000 ALTER TABLE `orders` ENABLE KEYS */;
UNLOCK TABLES;

--
-- Table structure for table `reminders`
--

DROP TABLE IF EXISTS `reminders`;
/*!40101 SET @saved_cs_client     = @@character_set_client */;
/*!50503 SET character_set_client = utf8mb4 */;
CREATE TABLE `reminders` (
  `id` int unsigned NOT NULL AUTO_INCREMENT,
  `client_id` int unsigned NOT NULL,
  `appointment_id` int unsigned NOT NULL,
  `type` enum('email','sms','push') NOT NULL,
  `scheduled_send` datetime NOT NULL,
  `sent_at` datetime DEFAULT NULL,
  `status` enum('pending','sent','failed') NOT NULL DEFAULT 'pending',
  PRIMARY KEY (`id`),
  KEY `client_id` (`client_id`),
  KEY `appointment_id` (`appointment_id`),
  KEY `idx_scheduled_send` (`scheduled_send`),
  CONSTRAINT `reminders_ibfk_1` FOREIGN KEY (`client_id`) REFERENCES `clients` (`id`) ON DELETE CASCADE,
  CONSTRAINT `reminders_ibfk_2` FOREIGN KEY (`appointment_id`) REFERENCES `appointments` (`id`) ON DELETE CASCADE
) ENGINE=InnoDB DEFAULT CHARSET=utf8mb4 COLLATE=utf8mb4_0900_ai_ci;
/*!40101 SET character_set_client = @saved_cs_client */;

--
-- Dumping data for table `reminders`
--

LOCK TABLES `reminders` WRITE;
/*!40000 ALTER TABLE `reminders` DISABLE KEYS */;
/*!40000 ALTER TABLE `reminders` ENABLE KEYS */;
UNLOCK TABLES;

--
-- Table structure for table `reviews`
--

DROP TABLE IF EXISTS `reviews`;
/*!40101 SET @saved_cs_client     = @@character_set_client */;
/*!50503 SET character_set_client = utf8mb4 */;
CREATE TABLE `reviews` (
  `id` int unsigned NOT NULL AUTO_INCREMENT,
  `appointment_id` int unsigned NOT NULL,
  `client_id` int unsigned NOT NULL,
  `rating` tinyint unsigned NOT NULL,
  `comment` text,
  `created_at` timestamp NULL DEFAULT CURRENT_TIMESTAMP,
  PRIMARY KEY (`id`),
  KEY `appointment_id` (`appointment_id`),
  KEY `client_id` (`client_id`),
  CONSTRAINT `reviews_ibfk_1` FOREIGN KEY (`appointment_id`) REFERENCES `appointments` (`id`) ON DELETE CASCADE,
  CONSTRAINT `reviews_ibfk_2` FOREIGN KEY (`client_id`) REFERENCES `clients` (`id`) ON DELETE CASCADE,
  CONSTRAINT `reviews_chk_1` CHECK ((`rating` between 1 and 5))
) ENGINE=InnoDB AUTO_INCREMENT=7 DEFAULT CHARSET=utf8mb4 COLLATE=utf8mb4_0900_ai_ci;
/*!40101 SET character_set_client = @saved_cs_client */;

--
-- Dumping data for table `reviews`
--

LOCK TABLES `reviews` WRITE;
/*!40000 ALTER TABLE `reviews` DISABLE KEYS */;
INSERT INTO `reviews` VALUES (1,15,3,3,'test','2025-06-01 18:15:22'),(2,15,3,3,'test','2025-06-01 18:15:30'),(3,10,4,5,'Bác sĩ rất chuyên nghiệp và tạo cảm giác thoải mái.','2025-05-28 16:00:00'),(4,32,7,5,'okok','2025-06-16 08:10:40'),(5,36,7,5,NULL,'2025-06-17 05:01:20'),(6,36,7,5,NULL,'2025-06-17 05:01:41');
/*!40000 ALTER TABLE `reviews` ENABLE KEYS */;
UNLOCK TABLES;

--
-- Table structure for table `service_doctors`
--

DROP TABLE IF EXISTS `service_doctors`;
/*!40101 SET @saved_cs_client     = @@character_set_client */;
/*!50503 SET character_set_client = utf8mb4 */;
CREATE TABLE `service_doctors` (
  `service_id` int unsigned NOT NULL,
  `doctor_id` int unsigned NOT NULL,
  `created_at` timestamp NULL DEFAULT CURRENT_TIMESTAMP,
  PRIMARY KEY (`service_id`,`doctor_id`),
  KEY `doctor_id` (`doctor_id`),
  CONSTRAINT `service_doctors_ibfk_1` FOREIGN KEY (`service_id`) REFERENCES `services` (`id`) ON DELETE CASCADE,
  CONSTRAINT `service_doctors_ibfk_2` FOREIGN KEY (`doctor_id`) REFERENCES `doctors` (`id`) ON DELETE CASCADE
) ENGINE=InnoDB DEFAULT CHARSET=utf8mb4 COLLATE=utf8mb4_0900_ai_ci;
/*!40101 SET character_set_client = @saved_cs_client */;

--
-- Dumping data for table `service_doctors`
--

LOCK TABLES `service_doctors` WRITE;
/*!40000 ALTER TABLE `service_doctors` DISABLE KEYS */;
INSERT INTO `service_doctors` VALUES (1,1,'2025-06-17 04:46:49'),(1,3,'2025-06-17 04:46:49'),(2,3,'2025-06-17 04:48:25'),(2,4,'2025-06-17 04:48:25'),(3,1,'2025-06-16 06:32:03'),(3,3,'2025-06-16 06:32:03'),(4,1,'2025-06-17 04:46:30'),(4,3,'2025-06-17 04:46:30'),(8,4,'2025-06-17 04:45:35'),(8,5,'2025-06-17 04:45:35'),(13,1,'2025-06-16 07:05:05'),(13,3,'2025-06-16 07:05:05'),(14,3,'2025-06-26 11:42:36'),(14,4,'2025-06-26 11:42:36'),(14,5,'2025-06-26 11:42:36'),(15,1,'2025-06-26 11:42:25'),(15,2,'2025-06-26 11:42:25'),(15,4,'2025-06-26 11:42:25');
/*!40000 ALTER TABLE `service_doctors` ENABLE KEYS */;
UNLOCK TABLES;

--
-- Table structure for table `services`
--

DROP TABLE IF EXISTS `services`;
/*!40101 SET @saved_cs_client     = @@character_set_client */;
/*!50503 SET character_set_client = utf8mb4 */;
CREATE TABLE `services` (
  `id` int unsigned NOT NULL AUTO_INCREMENT,
  `name` varchar(100) NOT NULL,
  `description` text,
  `image` varchar(255) DEFAULT NULL,
  `price` decimal(10,2) NOT NULL,
  `created_at` timestamp NULL DEFAULT CURRENT_TIMESTAMP,
  `updated_at` timestamp NULL DEFAULT CURRENT_TIMESTAMP ON UPDATE CURRENT_TIMESTAMP,
  `number_of_sessions` int unsigned NOT NULL DEFAULT '1' COMMENT 'Số buổi',
  `article_content` longtext COMMENT 'Nội dung bài viết (HTML)',
  PRIMARY KEY (`id`)
) ENGINE=InnoDB AUTO_INCREMENT=16 DEFAULT CHARSET=utf8mb4 COLLATE=utf8mb4_0900_ai_ci;
/*!40101 SET character_set_client = @saved_cs_client */;

--
-- Dumping data for table `services`
--

LOCK TABLES `services` WRITE;
/*!40000 ALTER TABLE `services` DISABLE KEYS */;
INSERT INTO `services` VALUES (1,'Trị liệu tâm lý trẻ em','Tư vấn, trị liệu tâm lý trẻ em','https://firebasestorage.googleapis.com/v0/b/zalo-app-66612.appspot.com/o/1750057265534Image-1_Psychology.webp?alt=media&token=d19592d6-b534-42cd-b07c-7207b0ba291c',1500000.00,'2025-06-03 17:28:28','2025-06-17 04:46:49',5,'<p><span style=\"font-size: 14px\">Trẻ em và vị thành niên không chỉ lớn lên về thể chất, mà còn trải qua nhiều biến động về tâm lý. Áp lực học tập, mối quan hệ với bạn bè, sự kỳ vọng từ gia đình hay những thay đổi nội tiết đều có thể khiến trẻ căng thẳng, rối loạn cảm xúc mà người lớn khó nhận ra kịp thời.</span></p><p><span style=\"font-size: 14px\"><br></span></p><p><span style=\"font-size: 16px\"><strong>Khi nào trẻ cần được tư vấn tâm lý?</strong></span></p><p>Không phải mọi thay đổi ở trẻ đều bất thường, nhưng những biểu hiện kéo dài có thể là dấu hiệu trẻ đang cần được hỗ trợ kịp thời.</p><div class=\"se-component se-image-container __se__float-\"><figure style=\"width: 60px;\"><img loading=\"lazy\" src=\"https://tamlyvietphap.vn/wp-content/uploads/2025/04/stress-300x300.png\" alt=\"\" data-proportion=\"true\" data-align=\"\" data-file-name=\"stress-300x300.png\" data-file-size=\"0\" data-origin=\"60px,auto\" data-size=\"60px,auto\" origin-size=\"300,300\" style=\"box-sizing: border-box; border-style: none; display: inline-block; height: auto; max-width: 100%; vertical-align: middle; opacity: 1; transition: opacity 1s; contain-intrinsic-size: 3000px 1500px; padding-top: 0.2em; width: 60px;\"></figure></div><p><strong>Căng thẳng, lo âu kéo dài</strong><br>Trẻ hay buồn bã, dễ cáu gắt, hoặc mất ngủ thường xuyên.</p><div class=\"se-component se-image-container __se__float-\"><figure style=\"width: 60px;\"><img loading=\"lazy\" src=\"https://tamlyvietphap.vn/wp-content/uploads/2025/04/stress-3-300x300.png\" alt=\"\" data-proportion=\"true\" data-align=\"\" data-file-name=\"stress-3-300x300.png\" data-file-size=\"0\" data-origin=\"60px,auto\" data-size=\"60px,auto\" origin-size=\"300,300\" style=\"box-sizing: border-box; border-style: none; display: inline-block; height: auto; max-width: 100%; vertical-align: middle; opacity: 1; transition: opacity 1s; contain-intrinsic-size: 3000px 1500px; padding-top: 0.2em; width: 60px;\"></figure></div><p><strong>Tự thu mình hoặc tránh giao tiếp</strong><br>Không muốn đến trường, sợ gặp bạn bè, ít chia sẻ với người thân.</p><div class=\"se-component se-image-container __se__float-\"><figure style=\"width: 60px;\"><img loading=\"lazy\" src=\"https://tamlyvietphap.vn/wp-content/uploads/2025/04/bleach-300x300.png\" alt=\"\" data-proportion=\"true\" data-align=\"\" data-file-name=\"bleach-300x300.png\" data-file-size=\"0\" data-origin=\"60px,auto\" data-size=\"60px,auto\" origin-size=\"300,300\" style=\"box-sizing: border-box; border-style: none; display: inline-block; height: auto; max-width: 100%; vertical-align: middle; opacity: 1; transition: opacity 1s; contain-intrinsic-size: 3000px 1500px; padding-top: 0.2em; width: 60px;\"></figure></div><p><strong>Có hành vi tự làm hại bản thân</strong><br>Tự cào cấu, nói về cảm giác vô dụng, hoặc có suy nghĩ tiêu cực về cuộc sống.</p><div class=\"se-component se-image-container __se__float-\"><figure style=\"width: 60px;\"><img loading=\"lazy\" src=\"https://tamlyvietphap.vn/wp-content/uploads/2025/04/customer-satisfaction-300x300.png\" alt=\"\" data-proportion=\"true\" data-align=\"\" data-file-name=\"customer-satisfaction-300x300.png\" data-file-size=\"0\" data-origin=\"60px,auto\" data-size=\"60px,auto\" origin-size=\"300,300\" style=\"box-sizing: border-box; border-style: none; display: inline-block; height: auto; max-width: 100%; vertical-align: middle; opacity: 1; transition: opacity 1s; contain-intrinsic-size: 3000px 1500px; padding-top: 0.2em; width: 60px;\"></figure></div><p><strong>Thay đổi hành vi đột ngột</strong><br>Trở nên hung hăng, nổi loạn hoặc mất kiểm soát cảm xúc.</p><div class=\"se-component se-image-container __se__float-\"><figure style=\"width: 60px;\"><img loading=\"lazy\" src=\"https://tamlyvietphap.vn/wp-content/uploads/2025/04/reduced-productivity-300x300.png\" alt=\"\" data-proportion=\"true\" data-align=\"\" data-file-name=\"reduced-productivity-300x300.png\" data-file-size=\"0\" data-origin=\"60px,auto\" data-size=\"60px,auto\" origin-size=\"300,300\" style=\"box-sizing: border-box; border-style: none; display: inline-block; height: auto; max-width: 100%; vertical-align: middle; opacity: 1; transition: opacity 1s; contain-intrinsic-size: 3000px 1500px; padding-top: 0.2em; width: 60px;\"></figure></div><p><strong>Kết quả học tập giảm sút rõ rệt</strong><br>Trở nên hung hăng, nổi loạn hoặc mất kiểm soát cảm xúc.</p>'),(2,'Trị liệu CBT','Liệu pháp nhận thức hành vi','https://firebasestorage.googleapis.com/v0/b/zalo-app-66612.appspot.com/o/1750052428414cbt.webp?alt=media&token=b6a4a821-9a5a-4b0c-afb5-776c5e465642',3000000.00,'2025-06-03 17:28:28','2025-06-17 04:48:25',4,NULL),(3,'Tư vấn gia đình','Tư vấn tâm lý cho gia đình','https://firebasestorage.googleapis.com/v0/b/zalo-app-66612.appspot.com/o/1750055373492Tu-van-Gia-dinh.jpg?alt=media&token=5d98476b-d37e-450d-93bb-9b1511f82a8d',1200000.00,'2025-06-03 17:28:28','2025-06-16 06:32:03',3,'<p><span style=\"font-size: 14px\">​<span style=\"color: rgb(45, 45, 45)\">Có rất nhiều lý do gây ảnh hưởng đến hạnh phúc gia đình, tiềm ẩn nguy cơ tan vỡ hôn nhân sẽ được gỡ rối giải quyết bởi các chuyên gia tư vấn tâm lý gia đình. Gặp các chuyên gia tư vấn, bạn sẽ được lắng nghe, được chia sẻ về vấn đề gia đình của mình. Hiểu được vấn đề, các chuyên gia sẽ giúp bạn nhận thức được nguyên do xảy ra vấn đề này và gợi ý cho bạn những giải pháp giải quyết hợp lý nhất cho vấn đề của mình.</span>​</span><br></p>'),(4,'Trị liệu nhóm','Trị liệu tâm lý theo nhóm','https://firebasestorage.googleapis.com/v0/b/zalo-app-66612.appspot.com/o/1750052465988Group%2BPsychotherapy.jpg?alt=media&token=9a137c40-1c0a-4781-a449-091d3e60a927',300000.00,'2025-06-03 17:28:28','2025-06-17 04:46:30',5,NULL),(8,'Tâm lý doanh nghiệp','Đào tạo hỗ trợ nhân viên cho doanh nghiệp ','https://firebasestorage.googleapis.com/v0/b/zalo-app-66612.appspot.com/o/1750055155718Tam-ly-doanh-nghiep-3.png?alt=media&token=8ff50495-0f79-48e5-ab54-4695f36a3d47',300000.00,'2025-05-25 21:17:11','2025-06-17 04:45:35',3,'<p>​<span style=\"color: rgb(0, 0, 0);font-size: 16px\">Với đội ngũ chuyên gia đang làm việc trong lĩnh vực Tâm lý Tổ chức - Nhân sự. Lumen Histoire đưa ra các chương trình đào tạo&nbsp;hỗ trợ nhân viên cho doanh nghiệp theo các cấp độ khác nhau, nhằm đem lại trải nghiệm&nbsp;chăm sóc lao động hiệu quả, giúp các doanh nghiệp tối ưu hóa hiệu suất công việc của nhân viên, tăng tính gắn kết giữa nhân viên với nhau và với công ty, đồng thời giúp tổ chức giảm được đáng kể chi phí không cần thiết đầu tư cho các hoạt động thu hút nhân tài và&nbsp;phát triển đội ngũ.&nbsp;</span>​<br></p>'),(13,'Tư vấn tâm lý cá nhân','Dịch vụ tư vấn tâm lý một đối một','https://firebasestorage.googleapis.com/v0/b/zalo-app-66612.appspot.com/o/1750057499906tamly_WEQP.jpg?alt=media&token=d7b4897b-b5c4-4aa0-9894-b50b982ceec4',500000.00,'2025-05-26 00:13:23','2025-06-16 07:05:05',3,'<p><br></p><p style=\"text-align: justify\">Tham vấn&nbsp;tâm lý là một tiến trình hợp tác và mối quan hệ tin tưởng giữa thân chủ và nhà tham vấn/trị liệu. Nhà tâm lý sẽ lắng nghe và chia sẻ vấn đề của bạn với một tinh thần không phán xét. Bằng sự chuyên nghiệp, bao dung và trung lập, nhà tâm lý sẽ cùng bạn khám phá những cách ứng phó mới với khó khăn trong cuộc sống.</p><p style=\"text-align: justify\">Trong tiến trình tham vấn,<strong>bảo mật là vấn đề cốt lõi được đặt lên hàng đầu</strong>. Nhà tham vấn &nbsp;sẽ giải thích cho thân chủ các điều khoản về bảo mật và luôn ý thức về những ràng buộc bảo mật trong suốt quá trình tham vấn. Các buổi tham vấn – trị liệu được diễn ra trong một không gian an toàn, bảo mật.&nbsp;</p><p style=\"text-align: justify\">Với nỗ lực đem đến những dịch vụ tốt nhất và không ngừng cải thiện chất lượng chuyên môn nghề nghiệp, Lumos đã xây dựng quy trình giám sát lâm sàng chuyên nghiệp và liên tục đào tạo đội ngũ mới thông qua các chuyên gia đầu ngành trong và ngoài nước.&nbsp;</p><p style=\"text-align: justify\">Lumen Histoire&nbsp;<strong>cam kết thực hiện các tiến trình tham vấn dựa theo đúng chuyên môn, đạo đức dưới sự giám sát chặt chẽ từ các chuyên gia đầu ngành</strong>. Hiện tại, chúng tôi đã xây dựng kết nối với các hệ thống chuyên ngành y khoa liên quan như tâm thần, thần kinh, chuẩn đoán hình ảnh... điều này sẽ cung cấp cho thân chủ giải quyết các vấn đề về sức khỏe tinh thần một cách triệt để thông qua sự giới thiệu của Lumos đến các cơ sở uy tín.&nbsp;</p><p><br></p>'),(14,'Tham vấn, Trị liệu tâm lý','bla bla','https://firebasestorage.googleapis.com/v0/b/zalo-app-66612.appspot.com/o/1750052300989tham-van-la-gi-1.jpg?alt=media&token=3b8e5e6c-d900-4689-ac6e-1ece806c4065',2000000.00,'2025-06-01 13:39:53','2025-06-26 11:42:36',5,'<p><br></p><h3 style=\"line-height: normal\"><strong>1. Khi nào cần tham vấn trị liệu?</strong></h3><p style=\"text-align: justify\">Có nhiều tài liệu đã đề cập đến việc khi nào chúng ta cần hỗ trợ về mặt sức khỏe tinh thần, tuy nhiên Lumos có thể tóm tắt một số trường hợp:<br>- Khi chúng không thể thoát khỏi đau khổ và buồn bã dù đã tìm nhiều cách để xoay sở<br>- Khi gia đình, các mối quan hệ không hạnh phúc, cãi vả, làm chúng ta căng thẳng và mệt mỏi<br>- Khi một biến cố, sự kiện xảy ra và bạn không thể vượt qua sự khó chịu, ám ảnh<br>- Hoặc đơn giản là khi các chức năng của bạn bị ảnh hưởng như: mất ngủ, lạm dụng chất kích thích, rối loạn cảm xúc, mất cân bằng cuộc sống.</p><p style=\"text-align: justify\"><br></p><h3 style=\"line-height: normal\"><strong>2. Lumen Histoire đang sử dụng các phương pháp tham vấn trị liệu nào?</strong></h3><p style=\"text-align: justify\">Tùy theo từng vấn đề của thân chủ đang gặp phải, các chuyên gia của chúng tôi sẽ ứng dụng các phương pháp trị liệu khác nhau để đồng hành cùng thân chủ. Đội ngũ chuyên gia tâm lý của Lumen Histoire đang công tác trong lĩnh vực tâm lý với đa đạng trường phái sử dụng bao gồm: Trị liệu nhận thức hành vi, Trị liệu theo phân tâm học, Trị liệu theo hệ thống gia đình, Tâm động học... Tất cả các phương pháp tâm lý gia Lumos sử dụng đều cam kết dựa trên các nền tảng khoa học và đã được ứng dụng tại Việt Nam.</p>'),(15,'Đánh giá tâm lý tổng quát','Đánh giá tâm lý tổng quát ở mọi lứa tuổi','https://firebasestorage.googleapis.com/v0/b/zalo-app-66612.appspot.com/o/1750057476404bac-si-tam-ly--3807.jpeg?alt=media&token=4a2a3420-5564-4f6d-84c8-2870836daa5c',400000.00,'2025-06-16 06:59:35','2025-06-26 11:42:25',1,NULL);
/*!40000 ALTER TABLE `services` ENABLE KEYS */;
UNLOCK TABLES;

--
-- Dumping routines for database 'lumen_histoire'
--
/*!40103 SET TIME_ZONE=@OLD_TIME_ZONE */;

/*!40101 SET SQL_MODE=@OLD_SQL_MODE */;
/*!40014 SET FOREIGN_KEY_CHECKS=@OLD_FOREIGN_KEY_CHECKS */;
/*!40014 SET UNIQUE_CHECKS=@OLD_UNIQUE_CHECKS */;
/*!40101 SET CHARACTER_SET_CLIENT=@OLD_CHARACTER_SET_CLIENT */;
/*!40101 SET CHARACTER_SET_RESULTS=@OLD_CHARACTER_SET_RESULTS */;
/*!40101 SET COLLATION_CONNECTION=@OLD_COLLATION_CONNECTION */;
/*!40111 SET SQL_NOTES=@OLD_SQL_NOTES */;

-- Dump completed on 2025-06-27 10:53:32
